txId1,txId2
665,11
1344,979
299,3710
4029,1948
4062,11
748,2469
646,718
3386,1800
3065,3448
1032,723
494,1327
3120,3402
455,2076
874,3592
4730,1047
4263,3951
294,3178
2147,2098
2164,3763
270,287
2198,4681
499,2801
2467,4097
154,832
4242,1263
1696,2430
3693,3695
116,2497
4787,2403
4392,4029
1036,1158
4367,4854
3445,738
1548,3992
2332,2442
2854,1393
1374,1386
407,3755
1499,1239
3522,1285
3693,3732
3589,216
1697,4648
457,4270
1746,3796
3076,3940
87,4630
4046,1455
3793,630
172,4150
4840,4721
2527,1285
363,4544
3512,3466
3091,3208
545,1067
2808,3933
4274,1606
4806,314
488,3182
16,1161
786,3619
2865,4171
39,207
2556,2104
1698,4428
3311,3637
95,4671
2404,3215
3330,611
383,3781
1504,2176
3118,308
1259,119
62,1213
26,814
4192,1504
4987,1406
4994,236
1825,1067
176,2175
155,3703
4876,4973
2840,3601
1891,2331
3607,2199
124,241
4720,1689
2960,3560
583,1341
2045,3298
3794,1927
4994,1905
556,2019
604,718
927,1528
1446,4365
4519,3955
2580,512
1774,2424
204,2869
2339,3994
4402,3322
4866,84
4339,4075
3732,3832
23,327
948,640
4174,4809
4190,2499
4299,152
1508,1666
2239,4051
2439,1568
4580,3372
1760,2241
3743,3064
2100,3410
3358,4376
4580,4141
2432,2442
3683,1474
566,4705
2812,2939
4562,3344
3183,4199
456,2481
4713,3259
1074,836
101,3721
1606,4546
3441,1506
296,4761
2726,600
531,308
4835,2816
4019,2877
3164,3834
4505,3327
921,1083
4719,3953
4064,4273
4888,692
801,490
4273,77
3448,3527
2724,1041
4382,1618
346,2547
51,3380
1272,1374
2775,3178
4518,1437
1572,4377
70,2880
335,4982
2560,4345
3414,318
30,946
129,3706
25,3386
570,749
1371,1374
849,921
3732,3927
1343,1627
4056,3032
1361,4394
3090,3213
877,395
3056,3213
1057,37
4278,3529
4852,4866
3850,694
400,3092
370,564
4402,4237
4780,3313
3090,3448
4609,455
4581,1818
1666,1686
461,505
4258,751
3829,782
166,3180
393,686
417,2177
2851,773
1875,1592
3904,3537
2164,727
445,3034
4656,4603
4397,3282
374,4171
4776,2399
1408,1479
1368,126
230,4613
644,144
4852,4876
3543,2503
4954,159
1572,3153
3553,4287
2236,971
3204,1461
2432,2620
219,1432
338,4330
1859,1588
531,2675
241,287
4451,341
92,3701
674,285
4382,4896
1526,3488
4652,4746
4716,1840
4883,3714
3988,926
1696,3512
4796,4078
478,335
2334,1159
354,392
1182,2770
1461,2734
1631,217
387,3215
532,1021
2288,449
2405,2792
2239,3677
2560,2047
1941,2115
3682,55
498,4299
4848,1685
1809,1891
529,1139
2505,3785
2684,907
400,3897
2489,3031
418,2311
770,2882
2178,1665
2617,316
3465,2527
557,671
1271,833
3075,536
3927,3968
2525,2745
1197,2357
2704,425
7,4817
784,4870
1951,2248
105,2126
3056,3120
423,448
545,3501
753,768
4719,11
2648,1926
277,3937
3075,68
3205,1733
2074,3743
4495,1880
2775,1811
511,558
1391,101
3246,3828
380,424
300,1924
1783,3336
392,424
1083,1272
371,4043
3209,1471
506,2076
202,1732
57,4030
221,4476
3359,2358
543,2425
4581,3574
3441,3589
984,4234
269,630
3607,497
761,4588
2184,830
1270,112
3736,1975
2415,2229
3355,2716
2986,1514
2427,986
1344,4269
2532,3019
4758,1215
22,3372
588,3725
640,4139
1554,1296
4692,64
535,537
664,824
566,2474
1871,1891
1575,2046
322,3522
3359,3488
1182,4791
207,241
3639,3710
3044,3910
303,3422
1978,4373
3888,3353
4632,2124
4779,3264
29,2830
1078,3387
1017,827
2310,1265
1045,3365
3693,3707
1818,4951
3694,4218
350,3538
2023,4738
918,792
4262,479
3030,3213
3448,3513
1845,125
3879,894
4722,942
3576,3395
2771,166
3059,232
733,3947
2769,1566
3784,1910
3995,571
646,3353
3061,4835
4670,2031
748,102
1742,4715
4676,4696
753,771
4156,3681
572,3657
3324,3702
2677,1482
3746,10
4159,4273
4377,3427
287,302
2919,1756
588,604
1449,2659
2356,2661
291,137
2365,2442
2184,128
1951,2155
4871,635
4875,4664
1457,2274
4696,4866
2448,3700
846,1211
489,4776
4653,1841
1197,2342
631,4147
264,1836
2142,2766
606,259
4394,3733
288,2259
3707,3813
2023,1803
3728,1502
1460,621
3968,4273
4469,4066
4004,2330
2799,276
4009,3428
4206,3596
3225,396
3704,3176
4585,4106
801,704
4281,4977
2840,4731
514,4946
4151,3683
1955,920
3059,2749
3512,3122
2390,935
2357,3085
1760,27
4919,1594
4687,4054
3123,2605
270,4332
423,957
354,380
2979,987
1186,2965
2271,1072
433,3888
10,1651
3792,1235
473,3960
147,4389
2712,3820
1272,1368
246,3057
4803,2889
2103,3576
3813,97
2483,3926
580,2916
161,4963
1698,2050
2205,1302
3927,4159
4887,1337
2752,1990
2299,4499
3246,3430
2525,3763
1303,3905
2596,1021
173,575
3832,4159
2921,3564
3418,4339
3018,4725
207,223
4232,4273
3940,792
1270,2610
1826,4667
1820,495
2317,4338
3201,1585
331,4760
3699,1214
3927,4064
235,964
241,376
4254,1058
4242,4972
1457,4763
66,327
596,1795
3949,4404
283,3132
2686,3956
637,4237
1133,4437
4243,2106
3244,4048
4607,4203
2597,2791
1083,1158
4568,4643
3478,259
1619,4962
429,4084
259,1744
2331,2432
2117,3785
4616,57
424,3590
4082,1603
3465,2637
1158,1374
4992,1091
6,3625
276,3952
2069,4174
2606,4961
3018,2143
2821,2840
3171,2628
3164,1603
3468,1661
380,2222
912,4536
1005,1180
3319,4190
137,456
1845,816
1121,1854
334,1388
4720,388
2135,2091
304,361
3053,537
2088,2536
623,2336
3793,3038
2597,363
4273,4364
4697,1872
1433,3635
477,1383
921,1036
239,287
623,718
2385,860
38,720
10,2862
4814,2698
1446,1925
96,4415
1449,3691
3610,3308
4316,1535
2921,4601
668,135
108,1109
4062,3802
2910,1504
4987,419
1402,2862
3314,3210
1042,906
61,4819
365,3182
4670,3229
40,2260
4005,3589
2379,4771
2312,2287
4788,254
2331,2365
3386,347
457,2541
27,3819
749,2026
136,4322
1473,1475
4026,2119
309,405
4078,2376
2149,3872
67,4566
4849,2488
3880,3452
3391,3198
521,1376
614,1694
916,3462
4810,4876
3706,4687
1320,1374
3213,3448
793,4613
3118,1716
343,229
3438,4881
4430,2643
560,3821
4973,18
417,3483
4559,2443
2278,977
4167,3475
316,4511
557,394
4732,4421
4917,4464
4712,1254
1978,4870
4761,3559
3640,3541
1659,2820
2595,2770
718,753
121,1004
3056,3065
491,977
296,3777
349,2351
4672,568
4779,115
4861,3915
1045,2118
3185,1092
2776,1997
1215,856
4568,4676
2725,681
2357,1988
225,4031
4198,2797
3047,1558
827,4970
654,3499
3727,3308
3044,3103
186,1703
419,769
3289,816
2113,3009
452,58
564,2025
266,3328
2729,2493
1833,2656
302,1512
4430,4670
1478,3084
881,4191
433,4117
3179,1802
3028,1846
401,3781
4952,3733
3120,3213
125,2789
4222,4878
1095,1845
4227,4268
1124,1374
392,4800
4211,1861
3355,4775
3287,2424
2262,4214
3845,382
33,219
3065,3213
1288,4399
4988,812
586,2318
976,1042
4079,3791
2935,3484
2872,896
2455,1938
4712,3314
97,3401
1979,4841
40,2388
4097,1075
4607,1373
1788,2892
2413,2859
1468,1479
877,1012
4729,1213
984,4297
792,3139
4252,141
4364,110
2089,361
2285,1606
3361,1433
4198,3418
1236,485
47,4392
4954,3263
107,2472
505,558
223,2272
771,1
3503,1682
3284,4116
4259,4460
4593,3323
4697,2060
3234,2499
3513,3527
81,4446
1348,2463
3863,3790
4808,4668
4952,2323
1450,1558
928,1158
1453,2786
890,921
3863,4859
4064,4159
573,1696
2150,2138
220,1939
311,992
39,2535
2640,1877
1777,1809
2150,930
4394,4498
849,878
4278,3778
4574,776
4401,3504
820,3524
2446,2051
2405,462
4525,4238
2830,3282
260,4623
4693,2009
200,1584
749,4830
1679,1748
4064,4232
3888,1748
69,241
3794,3283
448,2626
2236,860
2154,2332
1037,4355
3176,4302
98,696
2004,190
2812,1149
182,1719
568,389
537,4751
3219,3988
3445,4847
3519,527
1537,795
3557,3686
2805,3582
4861,3780
1055,3137
1418,3310
618,4030
814,944
1083,1124
1473,1525
577,1217
55,3134
1785,2870
2271,4977
558,2669
2935,2271
3031,309
4788,3177
1880,473
1679,177
3061,1075
461,511
589,2158
1180,4377
1338,4449
491,558
182,4809
1518,1686
1214,4665
1837,1891
2095,1126
151,2906
3219,790
124,3938
3176,3656
1548,2414
4027,373
39,69
404,3783
1320,1368
558,588
2851,4944
1253,2842
1085,2499
95,4185
1580,3330
1069,4061
481,2108
3699,3512
4021,3570
4729,2834
384,1067
690,2522
592,4591
646,753
263,4431
549,193
3968,4159
2306,3655
1315,2835
568,1922
532,2765
253,894
2893,3213
192,3665
775,1290
3281,2148
1249,2011
658,4482
927,294
528,4687
2074,619
4296,4632
1361,3634
4568,4652
2556,4786
225,4815
424,491
3744,1933
2356,4867
4004,346
2799,4710
1180,3828
354,423
3711,762
1434,495
651,4877
1849,855
2482,2893
239,122
378,4046
39,124
1460,816
4780,4701
827,4374
1097,1771
2912,1292
2515,4587
3648,1756
15,4556
449,2268
4151,1907
1478,228
3361,600
2415,251
146,1142
4238,191
770,2383
3079,634
131,3497
1458,2248
4375,1152
2596,1401
4672,2408
423,424
333,263
2999,1893
4657,2409
710,1351
1832,2
786,187
615,1450
5000,435
976,2415
1545,1686
4281,889
2795,4410
1069,3409
3315,953
4942,3516
655,455
847,1730
511,588
1408,1468
300,2977
625,1150
3255,1991
1704,4729
1534,4497
3539,2334
4279,3074
642,1189
3006,2484
2334,1722
3637,308
69,1850
245,4020
3330,3097
1205,4677
4506,4568
3553,1076
588,623
4693,1587
272,763
404,4571
4676,4810
106,3887
1117,2599
1026,2215
1266,3259
4462,4809
4887,321
847,195
1508,1545
1566,2742
4448,4506
1575,3021
588,589
379,4283
1809,1871
2197,4817
207,3659
4119,1693
768,771
278,2979
415,2664
816,48
2501,1883
2135,4436
3499,2628
2144,2913
4097,4065
4211,3761
2910,509
467,3192
1218,1048
399,676
653,2279
3592,2773
48,47
4945,2107
1097,3656
3142,1138
52,4363
138,633
4913,1182
3655,4237
287,47
1186,3891
3736,72
461,491
4266,199
901,407
82,3715
3986,4508
230,3721
1913,3233
853,4408
385,3433
2795,3303
258,1967
3804,344
3892,2305
1619,2141
3683,4837
601,3673
3129,1088
921,928
57,470
4889,1927
2316,2305
670,961
2501,153
2882,4144
403,1801
341,787
4448,4542
634,1326
1225,1619
3654,1501
3053,182
3204,4261
3972,1917
4451,3374
2467,3634
102,4050
876,1742
1338,1453
1391,4227
4222,3180
4328,4364
510,4078
376,2605
4469,118
4732,2720
74,3619
3592,3355
41,774
767,4061
604,4654
3438,1755
678,1009
648,3771
3289,3906
2882,2134
8,2373
3120,3448
1987,4404
2432,2482
269,1430
4156,3743
1288,2252
254,3791
849,890
298,1097
2404,1676
3949,1275
573,2051
391,31
4400,120
4876,80
228,2142
2662,449
4408,3369
37,1486
583,4
4273,4328
4232,4328
398,1331
180,269
3871,4972
620,3312
2180,73
287,354
1770,1309
191,4112
2989,4598
239,241
3684,4265
2466,3368
18,3559
3462,2509
2564,299
1234,4437
3880,3529
2876,2034
3448,53
3453,2635
3884,610
4525,1214
4408,3048
2359,607
1773,3068
628,3442
580,588
1369,823
1788,3828
2919,2034
143,3355
4849,2241
1332,2180
3394,3260
222,3904
2620,2893
2602,777
4206,3922
354,2011
3056,3090
2726,3599
1271,3991
4616,862
2456,2325
1534,3769
1212,937
609,3472
315,3871
14,2354
3847,1488
423,461
1057,1346
392,423
1754,871
2118,3053
753,31
4889,3566
3332,377
1117,1171
4234,2683
3486,2487
2756,1651
90,1212
498,880
3610,2466
1566,3567
792,4637
4764,2640
3689,2300
3462,381
415,2731
1368,1374
989,3079
784,1147
1809,1837
418,4012
1934,2332
272,2372
402,3882
2232,4355
3717,2313
46,3812
2147,151
3449,2047
503,1789
4056,4734
1124,1158
1005,2203
204,3251
356,4323
2989,1409
1758,976
3694,453
3314,1114
176,2766
2580,2993
2017,3593
2004,3838
1913,1228
3452,367
1891,2154
1236,4619
4585,2867
2769,4815
4656,4053
302,424
1949,3043
3845,25
586,1978
448,491
101,621
3655,3891
23,4712
4001,221
1528,1398
275,1024
1666,1809
2285,4988
2717,3907
109,2948
3358,4604
2830,3485
3402,3448
441,2949
1387,1563
1773,1828
3087,413
4296,2894
287,334
1818,3186
1256,2716
2084,2681
1891,1934
334,424
2725,982
4346,4222
916,2150
3147,2754
4696,4746
901,2137
444,1383
2455,530
810,1755
3732,3813
1315,3138
533,199
2055,1803
1771,1293
648,528
4423,3569
2876,1062
4871,1624
491,96
380,423
3815,619
1874,4775
881,2725
1494,590
4609,3362
4406,1682
1332,4971
511,580
4643,4746
2712,1533
4810,4852
1874,3010
2620,3030
2456,1483
2262,2237
2442,2893
3815,3910
1686,1809
4673,3804
3932,4159
193,787
511,2289
346,3996
1550,3484
2061,3755
4653,2415
2319,1839
3225,117
4687,3697
3871,522
663,3838
3654,308
653,1930
333,3550
4638,4953
637,2464
4029,642
354,424
4542,4568
1343,2223
463,4658
223,287
4021,1001
4657,1531
3904,3511
3906,2643
2000,2754
4180,3431
3244,2307
494,232
550,1928
4676,4746
26,3511
200,3583
952,3841
729,2947
389,4636
1508,1518
82,3151
420,1082
791,1029
1266,1086
3453,4215
508,2479
3932,4273
650,4700
2606,1278
3322,3027
423,110
2592,2371
34,1328
4462,1833
1717,2732
1666,1777
948,4713
2496,3428
4892,2964
2684,819
486,1606
4143,2716
228,1350
378,2949
1042,1747
2620,3056
3588,1911
623,753
615,337
207,239
315,1599
4749,2463
3017,4689
4866,4876
248,2138
3847,2250
223,241
2729,3052
1746,2797
2466,2131
2523,468
309,3458
2309,2391
4962,2385
90,2993
241,270
4299,148
2186,4901
4559,4118
1528,3434
4713,1604
4425,4668
188,1464
3557,2842
4946,2437
4746,4866
4328,53
516,486
1554,4755
263,595
3299,902
1371,1386
1774,186
536,2395
50,1861
1307,4867
3804,4342
381,2545
407,190
4258,4456
4803,4219
287,4077
2648,4505
2489,3181
1480,1623
835,1745
3695,3813
179,1552
131,1403
4227,3454
4965,3592
4957,570
2519,3547
589,718
1765,4911
3468,2068
673,176
2198,4316
868,2517
3017,2520
241,246
4764,2247
1504,2516
4965,1589
246,287
4988,3991
202,2251
4448,4568
3813,4159
3644,4511
325,2564
3295,818
1433,2943
2505,61
465,1748
3241,886
618,3128
721,3229
3927,3932
793,4068
4133,1804
3989,4712
363,2923
718,381
3081,3852
312,4590
4964,3369
4810,4866
4638,2028
1303,3142
1537,1470
710,681
3792,4122
2776,3144
505,480
3644,1180
4159,4328
1833,2485
1374,44
4999,4387
3706,835
3209,3611
639,4037
4808,4723
3682,4205
1384,4598
623,646
3806,2076
2497,722
3906,4185
3583,3911
1849,1766
3784,2584
874,163
2532,3327
19,2554
4946,4803
2010,1032
3638,2344
2316,4068
110,4370
721,4998
4964,2136
318,4004
4161,516
3637,2664
420,2801
2497,1805
1272,1320
219,1991
3250,1175
1578,2162
767,3202
2331,2332
1550,1682
853,4722
3357,2166
878,921
2278,1209
4266,554
461,3291
320,2819
